<!DOCTYPE hibernate-configuration PUBLIC
        "-//Hibernate/Hibernate Configuration DTD 3.0//EN"
        "http://www.hibernate.org/dtd/hibernate-configuration-3.0.dtd">
<hibernate-configuration>
    
    <session-factory>
            
            <property name="connection.driver_class">org.h2.Driver</property>
            <property name="connection.url">jdbc:h2:tcp://localhost/~/test</property>
            <property name="connection.username">karthik</property>
            <property name="connection.password">Karthik@04</property>
            
            <property name="connection.pool_size">15</property>
            <property name="show_sql">true</property>
            <property name="dialect">org.hibernate.dialect.H2Dialect</property>
            <property name="hbm2ddl.auto">update</property>
            <mapping class="college_Models.Course_Model"/>
            <mapping class="college_Models.Fee_Remainder_Model"/>
            <mapping class="college_Models.Lecturer_Model"/>
            <mapping class="college_Models.Marks_Model"/>
            <mapping class="college_Models.Principal_Model"/>
            <mapping class="college_Models.Recption_Model"/>
            <mapping class="college_Models.Student_Model"/>
            
    </session-factory>

</hibernate-configuration>        